round,arm,rep,rate,recs,secs,sinks,cores,vmload,hostload
1,v1,a,27454,2790531,25.4,4,2.93,2.89 2.39 2.10,8.45 9.20 9.41
1,v2-main,a,42866,4356404,25.4,4,3.69,3.17 2.51 2.15,8.70 9.24 9.42
1,v2-proto,a,48434,4922066,25.4,4,3.91,3.45 2.68 2.23,11.69 9.90 9.65
1,v2-proto,b,49124,4991375,25.4,4,3.88,3.32 2.75 2.27,11.64 10.19 9.77
1,v2-main,b,43003,4363269,25.4,4,3.69,3.95 2.97 2.37,9.79 9.94 9.70
1,v1,b,28317,2875873,25.4,4,3.01,3.50 2.99 2.41,8.36 9.55 9.57
2,v2-main,a,43121,4376002,25.4,4,3.69,3.10 2.95 2.42,9.35 9.70 9.63
2,v2-proto,a,49402,5014915,25.4,4,4.02,3.18 3.00 2.46,9.93 9.74 9.64
2,v1,a,27505,2795444,25.4,4,2.9,2.96 2.98 2.48,8.06 9.28 9.47
2,v1,b,28663,2910986,25.4,4,3.02,2.47 2.84 2.45,7.49 8.98 9.35
2,v2-proto,b,48812,4952753,25.4,4,4.04,2.94 2.90 2.49,8.91 9.15 9.40
2,v2-main,b,43161,4370566,25.3,4,3.7,2.89 2.91 2.51,9.23 9.34 9.46
3,v2-proto,a,49922,5074019,25.4,4,3.99,2.90 2.93 2.54,9.70 9.41 9.48
3,v1,a,27257,2773298,25.4,4,2.97,2.94 2.94 2.56,9.56 9.41 9.48
3,v2-main,a,42829,4350326,25.4,4,3.67,3.19 3.01 2.60,9.91 9.56 9.53
3,v2-main,b,43205,4387042,25.4,4,3.68,3.20 3.06 2.64,9.08 9.40 9.47
3,v1,b,28864,2930473,25.4,4,3.0,3.11 3.06 2.66,9.54 9.44 9.48
3,v2-proto,b,49153,4995155,25.4,4,3.89,3.36 3.14 2.70,9.25 9.35 9.44
4,v1,a,28878,2930347,25.4,4,3.01,3.38 3.19 2.75,9.05 9.29 9.41
4,v2-main,a,42417,4306439,25.4,4,3.66,3.38 3.23 2.78,12.75 10.39 9.82
4,v2-proto,a,48622,4935681,25.4,4,3.91,3.26 3.23 2.80,10.48 10.18 9.77
4,v2-proto,b,48394,4908331,25.4,4,3.8,3.19 3.21 2.81,8.23 9.64 9.59
4,v2-main,b,42614,4319185,25.3,4,3.57,3.85 3.37 2.89,8.85 9.59 9.58
4,v1,b,28897,2936948,25.4,4,3.01,3.20 3.27 2.88,7.87 9.29 9.47
5,v2-main,a,41120,4179021,25.4,4,3.46,2.95 3.19 2.87,8.66 9.29 9.46
5,v2-proto,a,49078,4975459,25.3,4,4.03,3.85 3.38 2.95,11.41 9.92 9.68
5,v1,a,28420,2884667,25.4,4,3.01,3.69 3.40 2.98,9.11 9.51 9.54
5,v1,b,28415,2888067,25.4,4,3.0,2.68 3.18 2.92,8.93 9.39 9.49
5,v2-proto,b,49764,5059313,25.4,4,3.99,3.23 3.25 2.95,8.83 9.31 9.46
5,v2-main,b,43054,4370098,25.4,4,3.69,3.64 3.37 3.01,8.98 9.34 9.46
