round,arm,engine,started_utc,window_s,sink_records,sink_bytes,records_per_s_per_sink,host_load,vm_load_before,vm_load_after
1,v1-a,v1,2026-10-08T20:38:07Z,60.054,3968033,1565564040,66073.9,5.56 21.64 20.26,1.39 1.05 1.04,1.86 1.25 1.11
1,v1-b,v1,2026-10-08T20:39:34Z,60.078,3998247,1577472226,66551.4,6.09 17.76 18.89,1.83 1.29 1.12,2.20 1.51 1.21
2,v1-b,v1,2026-10-08T20:41:02Z,60.060,3968406,1565684298,66073.7,9.46 15.94 18.08,1.89 1.51 1.22,1.94 1.58 1.27
2,v1-a,v1,2026-10-08T20:42:30Z,60.088,1940530,763916926,32294.8,8.12 13.95 17.12,1.89 1.60 1.28,2.19 1.72 1.34
3,v1-a,v1,2026-10-08T20:43:59Z,60.056,3677056,1450742467,61227.3,32.23 20.03 19.11,1.93 1.70 1.35,1.68 1.67 1.36
3,v1-b,v1,2026-10-08T20:45:27Z,60.052,4057114,1600676043,67560.4,15.99 18.08 18.47,1.65 1.67 1.37,1.90 1.73 1.41
4,v1-b,v1,2026-10-08T20:46:54Z,60.058,3963472,1563723380,65993.7,7.60 14.86 17.20,1.99 1.77 1.43,2.33 1.91 1.50
4,v1-a,v1,2026-10-08T20:48:22Z,60.076,4089656,1613531680,68075.1,6.90 12.78 16.16,2.06 1.88 1.51,2.08 1.92 1.54
5,v1-a,v1,2026-10-08T20:49:50Z,60.073,3829984,1511076577,63755.9,5.73 10.90 15.12,1.83 1.88 1.54,1.98 1.93 1.58
5,v1-b,v1,2026-10-08T20:51:17Z,60.061,3976532,1568892642,66207.9,6.55 9.76 14.25,1.87 1.90 1.58,1.73 1.87 1.59
